id,hi_m,hi_f,hi_n,mr_m,mr_f,mr_n,en,form,takes,note
p01,{X} कहाँ है?,{X} कहाँ है?,{X} कहाँ है?,{X} कुठे आहे?,{X} कुठे आहे?,{X} कुठे आहे?,where is the {X}?,direct,place|thing|transport,
p02,{X} कहाँ मिलेगा?,{X} कहाँ मिलेगी?,{X} कहाँ मिलेगा?,{X} कुठे मिळेल?,{X} कुठे मिळेल?,{X} कुठे मिळेल?,where can I get {X}?,direct,thing|food,
p03,मुझे {X} चाहिए,मुझे {X} चाहिए,मुझे {X} चाहिए,मला {X} हवा आहे,मला {X} हवी आहे,मला {X} हवं आहे,I need {X},direct,thing|food|transport,
p04,{X} दीजिए,{X} दीजिए,{X} दीजिए,{X} द्या,{X} द्या,{X} द्या,please give me {X},direct,thing|food,
p05,{X} कितने का है?,{X} कितने की है?,{X} कितने का है?,{X} किती रुपयांना?,{X} किती रुपयांना?,{X} किती रुपयांना?,how much is the {X}?,direct,thing|food,
p06,क्या {X} है?,क्या {X} है?,क्या {X} है?,{X} आहे का?,{X} आहे का?,{X} आहे का?,is there {X}? / do you have {X}?,direct,thing|food|place,
p07,{X} नहीं है,{X} नहीं है,{X} नहीं है,{X} नाही,{X} नाही,{X} नाही,there is no {X},direct,thing|food|place,
p08,{X} बंद है,{X} बंद है,{X} बंद है,{X} बंद आहे,{X} बंद आहे,{X} बंद आहे,the {X} is closed,direct,place,
p09,{X} खुला है?,{X} खुली है?,{X} खुला है?,{X} उघडा आहे का?,{X} उघडी आहे का?,{X} उघडं आहे का?,is the {X} open?,direct,place,
p10,{X} कितनी दूर है?,{X} कितनी दूर है?,{X} कितनी दूर है?,{X} किती लांब आहे?,{X} किती लांब आहे?,{X} किती लांब आहे?,how far is the {X}?,direct,place,
p11,{X} पास में है?,{X} पास में है?,{X} पास में है?,{X} जवळ आहे का?,{X} जवळ आहे का?,{X} जवळ आहे का?,is the {X} nearby?,direct,place,
p12,मुझे {X} जाना है,मुझे {X} जाना है,मुझे {X} जाना है,मला {X}ला जायचं आहे,मला {X}ला जायचं आहे,मला {X}ला जायचं आहे,I want to go to the {X},oblique,place,
p13,{X} चलिए,{X} चलिए,{X} चलिए,{X}ला चला,{X}ला चला,{X}ला चला,take me to the {X},oblique,place,
p14,{X} तक कितना लगेगा?,{X} तक कितना लगेगा?,{X} तक कितना लगेगा?,{X}पर्यंत किती होईल?,{X}पर्यंत किती होईल?,{X}पर्यंत किती होईल?,how much to the {X}?,oblique,place,
p15,{X} के पास रोकिए,{X} के पास रोकिए,{X} के पास रोकिए,{X}जवळ थांबा,{X}जवळ थांबा,{X}जवळ थांबा,stop near the {X},oblique,place,
p17,मैं {X} में हूँ,मैं {X} में हूँ,मैं {X} में हूँ,मी {X}मध्ये आहे,मी {X}मध्ये आहे,मी {X}मध्ये आहे,I'm in the {X},oblique,place|transport,
p19,{X} का रास्ता बताइए,{X} का रास्ता बताइए,{X} का रास्ता बताइए,{X}चा रस्ता सांगा,{X}चा रस्ता सांगा,{X}चा रस्ता सांगा,tell me the way to the {X},oblique,place,
p20,{X} कब आएगा?,{X} कब आएगी?,{X} कब आएगा?,{X} कधी येईल?,{X} कधी येईल?,{X} कधी येईल?,when will the {X} come?,direct,transport|person,
p21,{X} आ गया?,{X} आ गई?,{X} आ गया?,{X} आला का?,{X} आली का?,{X} आलं का?,has the {X} come?,direct,transport|person,
p22,{X} को बुलाइए,{X} को बुलाइए,{X} को बुलाइए,{X}ला बोलवा,{X}ला बोलवा,{X}ला बोलवा,call the {X},dative,person,
p23,{X} से पूछिए,{X} से पूछिए,{X} से पूछिए,{X}ला विचारा,{X}ला विचारा,{X}ला विचारा,ask the {X},dative,person,
p24,{X} कौन है?,{X} कौन है?,{X} कौन है?,{X} कोण आहे?,{X} कोण आहे?,{X} कोण आहे?,who is the {X}?,direct,person,
p25,मेरा {X} खो गया,मेरी {X} खो गई,मेरा {X} खो गया,माझा {X} हरवला,माझी {X} हरवली,माझं {X} हरवलं,I've lost my {X},direct,thing,
p26,मेरा {X} कहाँ है?,मेरी {X} कहाँ है?,मेरा {X} कहाँ है?,माझा {X} कुठे आहे?,माझी {X} कुठे आहे?,माझं {X} कुठे आहे?,where is my {X}?,direct,thing,
p27,यह {X} है,यह {X} है,यह {X} है,हा {X} आहे,ही {X} आहे,हे {X} आहे,this is a {X},direct,thing|place|person|food,
p28,वह {X} है,वह {X} है,वह {X} है,तो {X} आहे,ती {X} आहे,ते {X} आहे,that is a {X},direct,thing|place|person,
p29,{X} अच्छा है,{X} अच्छी है,{X} अच्छा है,{X} चांगला आहे,{X} चांगली आहे,{X} चांगलं आहे,the {X} is good,direct,thing|place|food,
p30,{X} खराब है,{X} खराब है,{X} खराब है,{X} खराब आहे,{X} खराब आहे,{X} खराब आहे,the {X} is bad,direct,thing|food,
p31,{X} लाइए,{X} लाइए,{X} लाइए,{X} आणा,{X} आणा,{X} आणा,bring the {X},direct,thing|food,
p32,{X} ले लीजिए,{X} ले लीजिए,{X} ले लीजिए,{X} घ्या,{X} घ्या,{X} घ्या,take the {X},direct,thing|food,
p33,{X} रखिए,{X} रखिए,{X} रखिए,{X} ठेवा,{X} ठेवा,{X} ठेवा,keep the {X},direct,thing,
p34,{X} दिखाइए,{X} दिखाइए,{X} दिखाइए,{X} दाखवा,{X} दाखवा,{X} दाखवा,show me the {X},direct,thing|food,
p35,{X} साफ़ कीजिए,{X} साफ़ कीजिए,{X} साफ़ कीजिए,{X} साफ करा,{X} साफ करा,{X} साफ करा,clean the {X},direct,thing|place,
p36,{X} खोलिए,{X} खोलिए,{X} खोलिए,{X} उघडा,{X} उघडा,{X} उघडा,open the {X},direct,thing|place,
p37,{X} बंद कीजिए,{X} बंद कीजिए,{X} बंद कीजिए,{X} बंद करा,{X} बंद करा,{X} बंद करा,close the {X},direct,thing|place,
p38,{X} के बिना,{X} के बिना,{X} के बिना,{X}शिवाय,{X}शिवाय,{X}शिवाय,without the {X},oblique,thing|food,
p39,{X} के लिए,{X} के लिए,{X} के लिए,{X}साठी,{X}साठी,{X}साठी,for the {X},oblique,thing|food|place,
p40,{X} के साथ,{X} के साथ,{X} के साथ,{X}बरोबर,{X}बरोबर,{X}बरोबर,with the {X},oblique,person|thing,
